Fold,Accuracy,Precision,Recall,F1 Score,Classifier
1,0.875,0.7857142857142857,0.15602836879432624,0.2603550295857988,KNNClassifier
2,0.886,0.8461538461538461,0.23404255319148937,0.36666666666666675,KNNClassifier
3,0.891,0.9705882352941176,0.23404255319148937,0.37714285714285717,KNNClassifier
4,0.879,0.8,0.19718309859154928,0.3163841807909605,KNNClassifier
5,0.885,0.9090909090909091,0.2112676056338028,0.3428571428571428,KNNClassifier
