Fold,Accuracy,Precision,Recall,F1 Score,Classifier
1,0.874,0.6595744680851063,0.2198581560283688,0.32978723404255317,KNNVariant
2,0.876,0.6440677966101694,0.2695035460992908,0.38,KNNVariant
3,0.886,0.7872340425531915,0.2624113475177305,0.39361702127659576,KNNVariant
4,0.866,0.5952380952380952,0.176056338028169,0.2717391304347826,KNNVariant
5,0.883,0.7551020408163265,0.2605633802816901,0.38743455497382195,KNNVariant
