Fold,Accuracy,Precision,Recall,F1 Score,Classifier
1,0.9166666666666666,0.6666666666666666,0.2,0.30769230769230765,KNNClassifier
2,0.9074074074074074,0.0,0.0,0.0,KNNClassifier
3,0.9351851851851852,1.0,0.2222222222222222,0.3636363636363636,KNNClassifier
4,0.9166666666666666,0.0,0.0,0.0,KNNClassifier
5,0.9166666666666666,0.5,0.1111111111111111,0.1818181818181818,KNNClassifier
