Fold,Accuracy,Precision,Recall,F1 Score,Classifier
1,0.9166666666666666,0.6666666666666666,0.2,0.30769230769230765,KNNVariant
2,0.8981481481481481,0.25,0.1111111111111111,0.15384615384615383,KNNVariant
3,0.9166666666666666,0.5,0.2222222222222222,0.30769230769230765,KNNVariant
4,0.9166666666666666,0.0,0.0,0.0,KNNVariant
5,0.9074074074074074,0.4,0.2222222222222222,0.2857142857142857,KNNVariant
