Fold,Accuracy,Precision,Recall,F1 Score,Classifier
1,0.9496951219512195,0.927536231884058,0.6956521739130435,0.7950310559006211,KNNVariant
2,0.9679878048780488,0.9080459770114943,0.8586956521739131,0.88268156424581,KNNVariant
3,0.9466463414634146,0.9014084507042254,0.6956521739130435,0.7852760736196318,KNNVariant
4,0.948170731707317,0.881578947368421,0.7282608695652174,0.7976190476190474,KNNVariant
5,0.9587786259541985,0.9324324324324325,0.7582417582417582,0.8363636363636363,KNNVariant
