Fold,Accuracy,Precision,Recall,F1 Score,Classifier
1,0.9527439024390244,0.9552238805970149,0.6956521739130435,0.8050314465408804,KNNVariant
2,0.9740853658536586,0.9310344827586207,0.8804347826086957,0.9050279329608939,KNNVariant
3,0.948170731707317,0.9393939393939394,0.6739130434782609,0.7848101265822786,KNNVariant
4,0.9573170731707317,0.9210526315789473,0.7608695652173914,0.8333333333333333,KNNVariant
5,0.9618320610687023,0.9230769230769231,0.7912087912087912,0.8520710059171597,KNNVariant
