Fold,Accuracy,Precision,Recall,F1 Score,Classifier
1,0.9466463414634146,0.9523809523809523,0.6521739130434783,0.7741935483870968,KNNClassifier
2,0.961890243902439,0.9240506329113924,0.7934782608695652,0.8538011695906433,KNNClassifier
3,0.9496951219512195,0.9538461538461539,0.6739130434782609,0.7898089171974523,KNNClassifier
4,0.9542682926829268,0.918918918918919,0.7391304347826086,0.8192771084337348,KNNClassifier
5,0.9618320610687023,0.9459459459459459,0.7692307692307693,0.8484848484848485,KNNClassifier
