Fold,Accuracy,Precision,Recall,F1 Score,Classifier
1,0.7914691943127962,0.3050847457627119,0.27692307692307694,0.29032258064516137,KNNVariant
2,0.8009478672985783,0.27906976744186046,0.18461538461538463,0.22222222222222224,KNNVariant
3,0.7819905213270142,0.30434782608695654,0.3230769230769231,0.31343283582089554,KNNVariant
4,0.7417061611374408,0.2828282828282828,0.42424242424242425,0.33939393939393936,KNNVariant
5,0.8099762470308789,0.3684210526315789,0.3230769230769231,0.3442622950819672,KNNVariant
