Fold,Accuracy,Precision,Recall,F1 Score,Classifier
1,0.7938388625592417,0.30357142857142855,0.26153846153846155,0.2809917355371901,KNNVariant
2,0.8080568720379147,0.3,0.18461538461538463,0.2285714285714286,KNNVariant
3,0.7890995260663507,0.3125,0.3076923076923077,0.31007751937984496,KNNVariant
4,0.7630331753554502,0.3068181818181818,0.4090909090909091,0.35064935064935066,KNNVariant
5,0.8123515439429929,0.37037037037037035,0.3076923076923077,0.33613445378151263,KNNVariant
