Fold,Accuracy,Precision,Recall,F1 Score,Classifier
1,0.8127962085308057,0.3333333333333333,0.2153846153846154,0.2616822429906542,KNNClassifier
2,0.8127962085308057,0.3055555555555556,0.16923076923076924,0.21782178217821782,KNNClassifier
3,0.8199052132701422,0.3877551020408163,0.2923076923076923,0.3333333333333333,KNNClassifier
4,0.8246445497630331,0.43103448275862066,0.3787878787878788,0.4032258064516129,KNNClassifier
5,0.8456057007125891,0.5,0.24615384615384617,0.32989690721649484,KNNClassifier
