Fold,Accuracy,Precision,Recall,F1 Score,Classifier
1,0.9349112426035503,0.46153846153846156,0.1875,0.26666666666666666,KNNVariant
2,0.9428007889546351,0.5714285714285714,0.375,0.4528301886792453,KNNVariant
3,0.9309664694280079,0.42857142857142855,0.28125,0.3396226415094339,KNNVariant
4,0.9526627218934911,0.75,0.375,0.5,KNNVariant
5,0.9347826086956522,0.4666666666666667,0.21875,0.2978723404255319,KNNVariant
