Fold,Accuracy,Precision,Recall,F1 Score,Classifier
1,0.9309664694280079,0.3333333333333333,0.09375,0.14634146341463417,KNNClassifier
2,0.9368836291913215,0.5,0.25,0.3333333333333333,KNNClassifier
3,0.9309664694280079,0.4,0.1875,0.25531914893617025,KNNClassifier
4,0.9408284023668639,0.5833333333333334,0.21875,0.31818181818181823,KNNClassifier
5,0.9367588932806324,0.5,0.0625,0.1111111111111111,KNNClassifier
