Fold,Accuracy,Precision,Recall,F1 Score,Classifier
1,0.9414414414414415,0.6,0.4,0.48,KNNVariant
2,0.918918918918919,0.3333333333333333,0.2,0.25,KNNVariant
3,0.9099099099099099,0.375,0.375,0.375,KNNVariant
4,0.9234234234234234,0.4444444444444444,0.25,0.32,KNNVariant
5,0.918552036199095,0.38461538461538464,0.3333333333333333,0.3571428571428571,KNNVariant
