Fold,Accuracy,Precision,Recall,F1 Score,Classifier
1,0.9369369369369369,0.5555555555555556,0.3333333333333333,0.4166666666666667,KNNVariant
2,0.918918918918919,0.3333333333333333,0.2,0.25,KNNVariant
3,0.8963963963963963,0.26666666666666666,0.25,0.2580645161290323,KNNVariant
4,0.9279279279279279,0.5,0.25,0.3333333333333333,KNNVariant
5,0.9140271493212669,0.3,0.2,0.24,KNNVariant
