Fold,Accuracy,Precision,Recall,F1 Score,Classifier
1,0.9369369369369369,0.5714285714285714,0.26666666666666666,0.36363636363636365,KNNClassifier
2,0.9279279279279279,0.4,0.13333333333333333,0.2,KNNClassifier
3,0.9144144144144144,0.36363636363636365,0.25,0.2962962962962963,KNNClassifier
4,0.9324324324324325,0.6,0.1875,0.2857142857142857,KNNClassifier
5,0.918552036199095,0.2857142857142857,0.13333333333333333,0.18181818181818182,KNNClassifier
