Fold,Accuracy,Precision,Recall,F1 Score,Classifier
1,0.9041533546325878,0.5625,0.28125,0.375,KNNVariant
2,0.8977635782747604,0.5,0.21875,0.30434782608695654,KNNVariant
3,0.8817891373801917,0.391304347826087,0.28125,0.3272727272727273,KNNVariant
4,0.8910256410256411,0.42857142857142855,0.1875,0.26086956521739124,KNNVariant
5,0.8717948717948718,0.2777777777777778,0.15625,0.19999999999999998,KNNVariant
