Fold,Accuracy,Precision,Recall,F1 Score,Classifier
1,0.9009584664536742,0.5454545454545454,0.1875,0.27906976744186046,KNNClassifier
2,0.8913738019169329,0.42857142857142855,0.1875,0.26086956521739124,KNNClassifier
3,0.8849840255591054,0.375,0.1875,0.25,KNNClassifier
4,0.8782051282051282,0.2,0.0625,0.09523809523809523,KNNClassifier
5,0.8814102564102564,0.2727272727272727,0.09375,0.13953488372093023,KNNClassifier
