Fold,Accuracy,Precision,Recall,F1 Score,Classifier
1,0.8913738019169329,0.42857142857142855,0.1875,0.26086956521739124,KNNVariant
2,0.8817891373801917,0.3684210526315789,0.21875,0.2745098039215686,KNNVariant
3,0.8722044728434505,0.3333333333333333,0.25,0.28571428571428575,KNNVariant
4,0.8910256410256411,0.4375,0.21875,0.2916666666666667,KNNVariant
5,0.875,0.3157894736842105,0.1875,0.23529411764705882,KNNVariant
