Fold,Accuracy,Precision,Recall,F1 Score,Classifier
1,0.8664383561643836,0.4444444444444444,0.3333333333333333,0.380952380952381,KNNVariant
2,0.8835616438356164,0.5357142857142857,0.4166666666666667,0.46875000000000006,KNNVariant
3,0.8801369863013698,0.52,0.3611111111111111,0.42622950819672134,KNNVariant
4,0.8865979381443299,0.5384615384615384,0.4,0.45901639344262296,KNNVariant
5,0.9003436426116839,0.6153846153846154,0.45714285714285713,0.5245901639344263,KNNVariant
