Fold,Accuracy,Precision,Recall,F1 Score,Classifier
1,0.8801369863013698,0.5263157894736842,0.2777777777777778,0.36363636363636365,KNNClassifier
2,0.8767123287671232,0.5,0.3611111111111111,0.4193548387096774,KNNClassifier
3,0.8938356164383562,0.6190476190476191,0.3611111111111111,0.45614035087719296,KNNClassifier
4,0.8831615120274914,0.5263157894736842,0.2857142857142857,0.37037037037037035,KNNClassifier
5,0.9140893470790378,0.7272727272727273,0.45714285714285713,0.5614035087719298,KNNClassifier
