Fold,Accuracy,Precision,Recall,F1 Score,Classifier
1,0.8698630136986302,0.4642857142857143,0.3611111111111111,0.40625000000000006,KNNVariant
2,0.8835616438356164,0.5357142857142857,0.4166666666666667,0.46875000000000006,KNNVariant
3,0.863013698630137,0.43333333333333335,0.3611111111111111,0.39393939393939387,KNNVariant
4,0.9003436426116839,0.625,0.42857142857142855,0.5084745762711864,KNNVariant
5,0.9037800687285223,0.6206896551724138,0.5142857142857142,0.5625,KNNVariant
