Fold,Accuracy,Precision,Recall,F1 Score,Classifier
1,0.9655629139072848,0.7941176470588235,0.5869565217391305,0.675,KNNVariant
2,0.9668874172185431,0.8928571428571429,0.5319148936170213,0.6666666666666667,KNNVariant
3,0.9655172413793104,0.7941176470588235,0.5869565217391305,0.675,KNNVariant
4,0.96684350132626,0.8620689655172413,0.5434782608695652,0.6666666666666666,KNNVariant
5,0.9694960212201591,0.8484848484848485,0.6086956521739131,0.7088607594936709,KNNVariant
