Fold,Accuracy,Precision,Recall,F1 Score,Classifier
1,0.9682119205298013,0.84375,0.5869565217391305,0.6923076923076924,KNNClassifier
2,0.9721854304635762,0.9642857142857143,0.574468085106383,0.7200000000000001,KNNClassifier
3,0.96684350132626,0.8387096774193549,0.5652173913043478,0.6753246753246753,KNNClassifier
4,0.9708222811671088,0.9285714285714286,0.5652173913043478,0.7027027027027025,KNNClassifier
5,0.9681697612732095,0.84375,0.5869565217391305,0.6923076923076924,KNNClassifier
