Fold,Accuracy,Precision,Recall,F1 Score,Classifier
1,0.9655629139072848,0.7941176470588235,0.5869565217391305,0.675,KNNVariant
2,0.9668874172185431,0.8928571428571429,0.5319148936170213,0.6666666666666667,KNNVariant
3,0.9628647214854111,0.75,0.5869565217391305,0.6585365853658538,KNNVariant
4,0.9655172413793104,0.8571428571428571,0.5217391304347826,0.6486486486486486,KNNVariant
5,0.9694960212201591,0.8484848484848485,0.6086956521739131,0.7088607594936709,KNNVariant
