Fold,Accuracy,Precision,Recall,F1 Score,Classifier
1,0.9617768595041323,0.9,0.33962264150943394,0.4931506849315068,KNNClassifier
2,0.9741735537190083,0.9354838709677419,0.5576923076923077,0.6987951807228916,KNNClassifier
3,0.9679752066115702,0.92,0.4423076923076923,0.5974025974025974,KNNClassifier
4,0.9669421487603306,0.9166666666666666,0.4230769230769231,0.5789473684210527,KNNClassifier
5,0.9741468459152016,0.9655172413793104,0.5384615384615384,0.691358024691358,KNNClassifier
