Fold,Accuracy,Precision,Recall,F1 Score,Classifier
1,0.9638429752066116,0.8461538461538461,0.41509433962264153,0.5569620253164558,KNNVariant
2,0.9731404958677686,0.8823529411764706,0.5769230769230769,0.6976744186046512,KNNVariant
3,0.96900826446281,0.8666666666666667,0.5,0.6341463414634146,KNNVariant
4,0.9700413223140496,0.896551724137931,0.5,0.6419753086419753,KNNVariant
5,0.9772492244053774,0.96875,0.5961538461538461,0.738095238095238,KNNVariant
