Fold,Accuracy,Precision,Recall,F1 Score,Classifier
1,0.9628099173553719,0.7931034482758621,0.4339622641509434,0.5609756097560975,KNNVariant
2,0.9741735537190083,0.8857142857142857,0.5961538461538461,0.7126436781609196,KNNVariant
3,0.9700413223140496,0.8709677419354839,0.5192307692307693,0.6506024096385542,KNNVariant
4,0.9700413223140496,0.896551724137931,0.5,0.6419753086419753,KNNVariant
5,0.9772492244053774,0.96875,0.5961538461538461,0.738095238095238,KNNVariant
